Name,Is Sales Organization,Is EPC Installer
SubcontractorHub Demo,1,1
SolarQuote,1,1
live Orgnization,1,1
NovemberTech,1,1
solar & battery - TEST vimal,1,1
SubHub Trial Account,1,1
LivSmart,1,1
Brilliant Solar,1,1
Simple Power,1,1
Sespe Power Solutions,1,1
Aveyo Sales Direct,1,1
TestTimeZon vimal,1,1
Test new project,1,1
Solar Smart,1,1
Discount Solar,1,1
Sisian Group Inc dba Green Mile Energy,1,1
Sky Energy,1,1
Bakersfield Shingle Wholesale Inc,1,1
SolarRepair,1,1
Simple Flow,1,1
Test Goodleap Organization,1,1
Lifetime Energy,1,1
Standard Energy Solutions,1,1
Energy Savings Authority,1,1
Sunvault,1,1
Integrity Solar and Home Solutions,1,1
Southern Coker Power,1,1
1 UP Solar,1,1
Solar Doctors LLC,1,1
Efficient Home Services,1,1
Different Energies,1,1
Great Plains Renewables,1,1
National Solar Energy Corp,1,1
Unity Solar Group,1,1
Elbac Solar,1,1
Yes Solar Solutions,1,1
Solis Energy,1,1
Greiner Heating Air and Electric,1,1
Nova Terra Energy,1,1
RFworx,1,1
Velasco Electric,1,1
Independent Solar,1,1
Susten Energy,1,1
Incentive Electric,1,1
Rooftop Power,1,1
Green House Solar & Air,1,1
Roofio Solar,1,1
Solar Construction LLC,1,1
Solar Holler,1,1
Solar Mite Solutions,1,1
M&S GREEN POWER ENERGY INC,1,1
Solar Dynamics Inc,1,1
Storm Pro Energy,1,1
Local Solar,1,1
NewCo Energy LLC,1,1
M&H Home Solutions,1,1
Momentum Solar,1,1
