Name,StagesHistory Training Date Time,State,City
Apricot Solar,,,
Semper Solaris,,,
Barron Contracting,,,
SubcontractorHub Demo,,TX,Waxahachie
SolarQuote,,UT,Park City
Suntuity,,New Jersey,Holmdel
eEquals,,IL,Edwardsville
live Orgnization,05-10-2023 10:00,,
Utah ,,,
bid and offer test,,,
Bid and offer test,,,
Evergreen,,,
NovemberTech,,CA,Fresno
Bullet Solar,,Texas,Austin
Solar Scouts Operations LLC,,,
Sunshine Renewable Solutions,,,
Valor Solar,,,
E-volve Energy,,,
Fits Energy,,,
Apollo Solar Energy and Investments LLC,,,
Act Energy Inc.,,,
Building EPS,,,
solar & battery - TEST vimal,,utter pardhesh,muzaffarnangar
Vrushali test Battery Organization,,,
JHP Electric Inc,,,
Sun X Solutions,,,
Cilcia LLC Valor Solar,,,
Patriot Power,,Florida,Wellington
Sundevil Power,,,
Nexa Solar LLC,,,
Lux Solaris,,,
410 Energy Solutions,,,
Seapoint Solar,,,
BuiltMX,,,
SunStream Solar LLC,,,
Titan Solar LLC,,,
TGE Solar,,,
C & L Power Solutions LLC ,,,
PV-Installs LLC,,,
Rose-Energy Company,,,
Renewable Living,,,
Cubix - Your Solar Shop,,,
Electrotek Power Systems,,,
Test Suntuity,,,
Rooftop Power Co,,,
Solar Construction,,,
Solar Flair Energy Inc,,,
C & F Construction,,,
Whitman Construction,,,
Greenwave Solar,,,
All County Electric LLC,,,
FB Integrated Solutions,,,
Senga Energy,,,
Birdman Contracting LLC,,,
R.G. Gutter Service Inc.,,,
CT Construction,,,
Flash Roofing Inc,,,
Renova/International Air,,,
No Limit Roofing,,,
ABC Supply,,,
Precision Solar Solutions,,Texas,Oak Ridge
Our World Energy,,AZ,Peoria
Summit Lending,,,
Kairos Energy Group,,,
Kenkay Solar,,FL,Tavares
Klick Solar,,,
MMC Lending,,,
OSI Express Inc,,California,Villa Park
Next Phase Electric,18-02-2024 21:28,CA,Bakersfield
Destined Energy,,,
All Energy Solar,,,
TriSMART Solar,,TX,Houston
Texas Solar,,,
Catalyst Solar,,NV,Las Vegas
CB Solar Inc,,,
Sonovus Energy,,,
SolQ,,,
First Texas Energy,,,
Citadel Roofing and Solar,,CA,Vacaville
Treeium Inc,,,
Quest Solar,,,
Photon Brothers,,,
EMRZ Construction,,,
Core Energy Solar,,,
Energy Solutions Direct,,,
Gold Rush Energy,,,
Helio GreenTech,,,
Prusak Roofing,,,
Turn Solar,,MD,White Marsh
GoodLeap Resi Solar,,,
WireNutz Solar LLC,,,
Flash Roofing,,California,San Diego
The Solar Bros,,Kentucky,Independence
GreenStar Power,,,
Freedom Sun,,,
AWS Electrical  Solar,,,
SubHub Trial Account,,Texas,Round Rock
4th Day Energy,,,
AWS Electrical and Solar Inc. dba AWS Electrical Services ,,,
Pacific Coast Generation Inc.,,,
ACDC Power,,,
Sater Electric LLC,,,
Florida Eco Electric LLC Kenkay Solar,,,
Next Phase Electric,,,
Cal-Sun Construction LLC,,,
Dynamic SLR,,,
All Pro Solar,,Florida,Pompano Beach
Smith Family Consultants,,,
Intermountain Wind Solar,,,
Green Solar Enterprise,,,
Active Solar Inc,,,
ATX Solar,,,
KRG Roofing,,,
New Leaf Solar,,,
Solar Rey,,,
Kratos Solar Power,,,
Frederic Roofing,,,
Sattler Solar Inc,,,
Cheetah Solar,,,
bhawanaLIveSUbhub,,,
Cobex Construction,,California,Roseville
Baize Electric and Solar Tech,,CA,Bakersfield
combo,,California,San Jose
LivSmart Solar,,Nevada,Henderson
LivSmart,,Nevada,Henderson
Sol Source LLC,,California,Upland
Orca Roofing,,Washington,Bellevue
Volt Solar Energy,,Florida,Miami
Sunsource Inc,,California,Folsom
Core Energy,,Florida,Miami
Good Energy Solar Redefined,,Louisiana,Shreveport
Roanoke Roofing TX Inc,,Texas,Roanoke
AM Sun Solar,,Oregon,Springfield
Solar Planet Inc,,Missouri,Kansas City
Radiant Roofing,,Texas,New Braunfels
Quantum Solar Power,,New Mexico,Santa Fe
Pristine Roofing,,Texas,Round Rock
Porter Roofing,,Indiana,Indianapolis
Restoration Roofing,,Texas,Fort Worth
Aspen Contracting,,Texas,Austin
Underline Energy Concepts,,California,Lake Elsinore
Allied Precision Roofing,,Texas,Houston
Solar Energy Consultants,,California,Santa Maria
Solar in Cache Valley,,Utah,Logan
Bryton Power,,Utah,Lindon
ASAP Roofing,,New Hampshire,Bedford
All Energy Solar,,Minnesota,Saint Paul
Vitka Energy,,Texas,Austin
Sunder Energy,,Utah,Sandy
Solar Train,,Florida,Largo
Flash Construction and Roofing,,Texas,Tomball
Vivint Solar,,Utah,Salt Lake City
One Solar,,Colorado,Centennial
Llagua Roofing,,Texas,Round Rock
Faithful Pro Solar,,Florida,Largo
The Expert Co,,Minnesota,Lewiston
Brilliant Solar,15-11-2024 15:57,New Jersey,Toms River
Johnson Solar,,California,El Cajon
Martin Global Renewables,,North Carolina,Sanford
Cool Roofs,,Illinois,Roanoke
Soleil Energy,,Texas,San Antonio
Red Diamond Roofing,,Colorado,Denver
Priority Restoration Inc,,Colorado,Centennial
Thomas Roofing,,Alabama,Mobile
Omni Exteriors,,Iowa,Grimes
Free Up Solar LLC,,California,Woodland
Lindus Construction,,Wisconsin,Baldwin
Stronghold Construction,,California,San Francisco
Sanchez Single Ply Roofing,,California,Santa Ana
Elite Claim Solutions,,Missouri,Richmond Heights
Ultra Lux Construction,,Illinois,Skokie
A Plus Roofing,,California,San Francisco
Kaminski Construction LLC,,Oregon,Eugene
Sunny Solar,,Texas,Frisco
RSG Roofing,,Ohio,Cincinnati
Sky Energy Home Solutions LLC,,Michigan,Vermontville
Murrieta Solar Power,,California,Murrieta
Sunternal,,California,San Jose
Core Energy Inc,,Florida,Miami
4th Day Energy,,California,Clovis
Avvio  Solar,,Arizona,Gilbert
Bluecore Solar LLC,,Colorado,Arvada
Solar Fuze,,California,San Diego
Quick Roofing,,Texas,Austin
SUNation Solar Systems Inc,,New York,Ronkonkoma
Restoration Builders,,Texas,Richardson
Blue Raven Solar,,Utah,American Fork
Impact Solar,,Florida,Gainesville
Triumph Roofing,,Texas,Plano
Mighty Dog Roofing,,Alabama,Tuscumbia
Black Rock Solar,,Nevada,Reno
HDZ Roofing,,California,Los Angeles
MM Home Remodeling Services,,Illinois,Crete
High Peak Roofing,,Utah,Eagle Mountain
AM Warrior Roofing,,California,Yuba City
Cobex Construction,,California,Roseville
Restore Pros,,Texas,Decatur
Universal Contracting Solar,,Florida,Lehigh Acres
Solar Doctors,,California,Diamond Springs
Glyde Solar,,Utah,Draper
Haynes Electric,,California,Redding
JBL Solar Energy,,California,Cotati
JAJ roofing dba Citadel Roofing & Solar ,,California,Vacaville
Rise Energy,,Utah,Lehi
test,,,
Skydot Energy,,Utah,Park City
Skydot Energy,,Utah,Park City
Blalock Electric and Solar Inc dba Blalock Electric Solar,,California,Murrieta
Axiom 360,,California,Grover Beach
Sunly Home,01-12-2023 00:39,Utah,Salt Lake City
testnew,,California,San Jose
Bear River Mortgage Company Inc dba Sunriver Solar Power Systems,,California,Auburn
GSJ Construction Company Inc dba Amerisun,,California,Sacramento
Illume Solar Energy LLC,,California,Spring Valley
busionname4040,,California,San Diego
busionname4040 test,06-11-2023 09:56,California,San Diego
kevaroofing,,California,San Jose
kevaroofing,,California,San Jose
Burning Daylight Solar,,California,Chino Hills
Family First Solar Electric,,California,Chula Vista
Sun at Work Electric,,California,Rancho Cordova
Orca Roofing,,Washington,Bellevue
Flash Construction and Roofing,,Texas,Cypress
SOLRITE ELECTRIC LLC,,,
Solid Electrical Services,,California,El Cajon
Lumio,,Utah,Lehi
Alltech Solar Inc,,California,San Diego
Volta Roofing,,Missouri,Kansas City
Next Energy Solar,28-02-2024 21:53,Colorado,Loveland
Test Account,,Texas,Round Rock
Reco Roofing Inc,,California,Tracy
Vertex Electric Sun,,California,Citrus Heights
SolarWorld Comp,,,
SolarElectric Inc,,California,San Francisco
1 Click Solar,,,
Our World Energy,,,
Sunly Home,,,
Easy Quote,,,
Suntuity,,,
The Solar Scout,,,
Solar World,,,
GoodLeap,,,
WireNutz Solar LLC,,,
Galactic,,,
Solar Sun,,,
Horizons,,,
LiveSQTest,,,
Next Energy Solar,,,
Volta Roofing,,,
Solnova,,California,San Marcos
Lumio,,,
Eagle Energy LLC,,California,Placerville
Sun Source Energy,,Nevada,Las Vegas
PWR Logix,,California,Yucaipa
ElectriCare,,California,Murrieta
Sun Source,,Nevada,Las Vegas
Sun Source,,,
solartesting,,California,Fresno
solartesting,,,
Urban Solar,,Florida,Boca Raton
Urban Solar,,Florida,Boca Raton
Tom The Solar Guy,,California,Corona
Prime Home Solutions,,California,Citrus Heights
Highpoint Solar,,California,Bishop
Urban Solar,,,
Civic Energy,,Oklahoma,Oklahoma City
Civic Energy,,Oklahoma,Oklahoma City
EnFin,,California,Irvine
EnFin,,California,Irvine
Genesis Solar,,Kansas,Topeka
EnFin,,,
Civic Energy,,,
Invisiblesun Energy,,California,Sunnyvale
Triple Line Solar,,California,Murrieta
Solar Masons,,Pennsylvania,Scranton
utah,,,
utah demo 2,,,
Universal Solar Direct,,Nevada,Las Vegas
EagleView,,Washington,Bellevue
LightReach,,South Carolina,Charleston
Palmetto Energy,,South Carolina,Charleston
Patriot Power Company,,Florida,Wellington
Solar PowurON,,,
Vibe Solar,,California,Lancaster
Demo Marketplace,,,
Paradise Renewables Inc,,California,Westlake Village
CM Solar Electric Inc,,California,San Diego
Cali Energy,08-03-2024 18:48,California,Northridge
Eco Solar USA LLC,28-02-2024 21:50,CA,Garden Grove
Go Solar Power,,Florida,Delray Beach
Colorado Solar,,Colorado,Wellington
Smart Energy Alliance,,Virginia,Waynesboro
Assured Solar,,Maine,North Yarmouth
John Smith Solar Company,,,
TXU Energy,,,
Zaguilan Roofing Service Co,,California,Sacramento
test,,,
Patriot Power,,,
Solcius,,Utah,Provo
VyVue,,Oklahoma,Oklahoma City
VyVue,,Oklahoma,Oklahoma City
VyVue,06-03-2024 04:37,Oklahoma,Oklahoma City
EE&C Electrical,,Nevada,Las Vegas
EE&C Electrical,,Nevada,Las Vegas
Vespa Solar,,Ohio,Tallmadge
Simple Power,,California,Bakersfield
Stockdale Solar,,California,Bakersfield
Nova West Solar,,California,Madera
Energy Concepts Enterprises Inc,,California,Fresno
Supernova Energy Corporation,,California,Newport Beach
Solar Savings Direct,,California,Shingle Springs
Talon Home Services,05-03-2024 00:21,California,Roseville
SOLRITE Demo,,,
Flagship Solar,,California,Bakersfiled
Vibe Solar,,California,Lancaster
Sespe Power Solutions,,California,Ventura
Energy Renovation Center,,Texas,Arlington
Brighthouse,,CA,Fresno
Soleil LLC,,California,Sacramento
xeroxsuntuity,,,
suncopy,,,
suncopy2,,,
Sunny Energy LLC,,Arizona,Tempe
Panasun Solar,,Florida,Orlando
US SolarWorks,,Massachusetts,Attleboro
Beacon Solar,22-04-2024 15:30,Massachusetts,East Taunton
Sunfire Construction,,,
photovoltaic,,,
dafaultsunnova,,,
Dawn to Dusk Solar,,Texas,Farmers Branch
Dawn to Dusk Solar,,Texas,Farmers Branch
ES Solar LLC,,CA,Rancho Cordova
EnergyONE Renewables,29-03-2024 21:05,Missouri,Kansas City
Sky Limit Ventures SEP,,california,LA HABRA
Sun Solar,,Missouri,Springfield
Kodiak,,CA,Roseville
Safe Haven,,Missouri,Kansas City
suntuitylivecopy,,,
Emailissuetest,,,
newgmail,,,
email issue,,,
Grid Group test,,California,Sacramento
Renewable Power,,Arizona,Yuma
American Pacific Mortgage,,California,Roseville
battery org,,,
Solar Wave,,Colorado,Denver
Brightlink Home,,Utah,Saratoga Springs
Goodco,28-02-2024 22:12,Utah,Alpine
LG Group LLC,,Colorado,Greenwood Village
Home Smart Construction,,California,San Jose
Trinity Power,19-02-2024 16:33,California,Fresno
One For All,,California,Perris
SunnyMac Solar,,Delaware,Wilmington
Ion Solar Solutions,04-03-2024 20:56,Michigan,Bingham Farms
Aveyo Sales Direct,,Utah,American Fork
Mother Nature Solar,,California,Antioch
NJ Solar Power,,New Jersey,Toms River
Infinium Solar Inc,,CA,Campbell
Meta Solar,,California,Aliso Viejo
Pacific Solar Company,,California,Clovis
Sun Access,,,
Eco Management Systems,,Arizona,Scottsdale
SunSol LLC,,,
Option One Solar,27-02-2024 22:59,California,Apple Valley
abc testing,,California,San Francisco
PowerSol USA,,Florida,Ybor City
Underline Energy Concepts,,California,Lake Elsinore
Maxify,,California,San Diego
True Pwr,,,
Solar Energy Partners,26-02-2024 20:26,Utah,Park City
abc,,California,San Francisco
CleanRenew LLC,,,
United Energy Partners,,Arizona,Scottsdale
Heritage Solar Co,,,
Florida Eco Electric LLC,,,
TestTimeZon vimal,,,
abc testing,,California,San Francisco
Spartan Power Home Solutions,,Florida,Bonita Springs
Blue Line Roofing & Exterior,,Illinois,Mapleton
Nextgen Solar Energy,14-03-2024 18:30,North Carolina,Charlotte
Power City LLC,,,
True Renewable Energy,,California,Livermore
A1 Nova Energy Inc,,California,Rocklin
Test new project,,,
testbu,,California,Los Angeles
South West Sun Solar,06-03-2024 15:08,CA,Garden Grove
Phoenix Business Solutions,17-02-2024 19:47,Pennsylvania,Levittown
APG Solar,,California,Atwater
SunFlare Home Services,06-03-2024 15:10,,
NRG Clean Power,,California,Chico
Solar Connect,,Wyoming,Sheridan
Sengoku Solar,,California,Temecula
EXO Energy Inc,06-03-2024 15:08,,
NovemberTech,,,
TriSMART Solar,,,
Killua Energy inc,16-03-2024 04:11,CA,Fresno
test,,California,SAN JOSE
Tephra Solar,,Utah,Alpine
NJ Solar Power,,New Jersey,Berkeley Township
eFlow Solar Energy,07-03-2024 21:53,California,Bethel Island
Amped On Solar,,New Jersey,Florence
Fuzion Energy,,,
Tradewinds Water,,California,Irvine
Tron Solar LLC,,,
Solar Energy World,,Maryland,Laurel
Skyline Solar LLC,05-03-2024 05:08,New Jersey,Hamilton
Bitterend Ventures Inc DBA BVI Solar,06-03-2024 15:03,,
Vantage,,,
Bright Solar,17-02-2024 19:14,Texas,Fort Worth
Elevation Solar,30-10-2024 23:09,Arizona,Chandler
Evergreen Solar and Construction,,,
Solectric,,Michigan,Pinckney
Climatic Solar,,Florida,Vero Beach
Prime Energy Solar,,Connecticut,Milford
testing,,,
Solar Smart,,,
Solar Sear,,CA,Visalia
Solar Direct,,,
Discount Solar,06-03-2024 15:03,CA,Bakersfield
Omniya Solar,03-06-2024 18:32,New Jersey,Paulsboro
Level Energy Advisors,,Massachusetts,Ashland
SolarBros USA,,Kentucky,Independence
Velocity Energy,01-03-2024 21:03,New Jersey,Deptford
Test Dustin,,,
Solar Maintenance Pros Inc,,,
That Solar Company LLC,11-03-2024 18:06,Missouri,Springfield
Faraday Energy,,Texas,San Antonio
Sustainable Energy Solutions Inc,,California,South Lake Tahoe
Alpha Solar Electric,,California,Huntington Beach
Nestey Solar,11-03-2024 18:47,California,Roseville
May Electric Solar,,Florida,Hudson
Bedford Energy LLC,,California,Los Angeles
Sunrise Energy Solutions,,California,Roseville
BrightSun Energy LLC,06-03-2024 15:03,,
Vertexbeta Inc,,,
O Solar,,Michigan,Keego Harbor
Sun Dollar Solar,,CA,Beamount
Broadstreet Solar Inc,11-03-2024 17:04,California,Los Angeles
Rectify Solar,,Indiana,Indianapolis
Planet Solar Inc,,California,Santa Barbara
Ilum Solar,,CA,Sacramento
Avatar Solar,,California,Simi Valley
testttttingg live,,,
SuntuityCopy,,,
Nostalgic's Inc / Alternative Energy Solutions,,California,Santa Maria
PowerLutions,,New Jersey,Lakewood
Powur PBC,,,
Test Developer 2,,CA,Everyville
Infinity Solar,14-05-2024 19:48,California,Orange
Solar Foundations USA Inc,,Delaware,New Castle
Savkat,,Connecticut,Bristol
Team Sunshine Solar,,Massachusetts,Boston
test,,California,San Jose
Sisian Group Inc dba Green Mile Energy,,California,Los Alamitos
RFX,,Texas,Arlington
Superior Preservation Inc,,California,Loomis
Solar Energy World-Demo,,Florida,Tampa
Calzona Solar,,California,Riverside
TestOrg,,California,Roseville
Oto Pilot,,Arizona,Tempe
Sky Energy,,MI,Lansing
EPC test,,,
Sustainable Living Builders Inc,,California,Santa Rosa
Optimus Energy Solutions,,Florida,Mount Dora
Simply Sun Solar,,Michigan,Southfield
SolarSME,,Texas,Grand Prairie
3 Guys Solar LLC,,Florida,Longwood
CleanTech Energy Solutions Inc,,California,Oceanside
SolarLife,,California,Riverside
Demand Construction,,CA,San Fernando
Green 360 Solutions,,California,Los Angeles
Clayco Electric,31-05-2024 22:33,CA,Alpine
Ethical Energy Solar,,Pennsylvania,Allentown
Cinran Electrical Solutions,18-03-2024 18:16,CA,Apple Valley
Bakersfield Shingle Wholesale Inc,,California,Bakersfield
SolCore Inc,18-03-2024 15:21,CA,Rancho Cordova
Zero Carbon Solar,,Florida,New Smyrna Beach
Renewable Energy Advantage,,California,Signal Hill
SolarRepair,08-08-2024 05:02,California,Norco
Vibranium Energy,,,
Top View Solar Inc,,California,Chatsworth
On Point Electric,,,
Simple Flow,11-03-2024 17:41,Texas,Houston
Nivo Solar,,Texas,Houston
Solarize,,Texas,Farmers Branch
Solar Earth USA LLC,04-04-2024 17:57,CA,South San Francisco
Inty Power,17-05-2024 15:52,Arizona,Tempe
Test Goodleap Organization,,,
Timothy Parks Roofing & Construction Inc,,Florida,Clermont
Sunsolar Solutions,,AZ,Peoria
PES Solar,,Florida,DeBary
Rainbow Roofing Solutions,,Florida,Davie
Verza Solar Electric Design C10,,California,Sacramento
Nexus Energy Systems,24-04-2024 22:12,CA,Anaheim
Lifetime Energy,,Utah,Logan
Infinity Solar Systems,,NJ,Mahwah
Standard Energy Solutions,,MD,Columbia
Energy Savings Authority,,California,Roseville
Solar Connect,,Texas,Plano
NATiVE Solar,,Texas,Garland
ReNu,,PA,Harrisburg
Good News Roofing,,Texas,Kyle
NYS Essential Power,26-08-2024 15:19,NY,Ronkonkoma
Lighthouse Solar Austin,,Texas,Austin
Castaways Energy,,FL,Orlando
Fastrac Energy Services,,Texas,Houston
Better Earth,,California,Cerritos
Kosmos Solar,,Texas,Grand Prairie
Blue Raven,,UT,Orem
Kukahiko Inc,,California,Livermore
Senergy Power,06-05-2024 20:58,Arizona,Gilbert
Kilo Hollow Energy,,Virginia,Richmond
816 Solar Pros,,,
Poly Energy,,SC,Lexington
Generation Solar,,UT,Centerville
Soligo,,Florida,Orlando
Infinity Solar USA,,WA,Vancouver
The Solar Scouts,,Louisiana,New Orleans
Jim Jonas Inc,,California,Lower Lake
Photon Brothers,,California,Oceano
teest 1234,,,
testing3909,,,
Ion Solar,,Utah,Orem
SolarCraft Services Inc,,California,Novato
PDL Group LLC,,,
Solar Sage,,Florida,Oakland
test,,,
Pulse Turnkey,,Texas,Fort Worth
Energy Service Partners,,CA,Torrance
The National Builders,,,
Evo Energy,09-04-2024 21:02,CA,El Sobrante
Headline Solar,,,
WCP Solar,,,
Source Global,,,
Solar Energy Plus,,,
Connect Solar,,CA,Bakersfield
Levion Construction LLC,22-04-2024 19:28,CA,Anaheim
Bryton Power LLC,,Utah,Lindon
Smart Eco Technologies LLC,,,
Solar Rising LLC,,Massachusetts,Mashpee
Convert Solar,,Virginia,Virginia Beach
Haven Electric Inc,,California,Blue Lake
BriteStreet Solar Group,,Colorado,Denver
Solar Wholesale Group,,California,Long Beach
Project Solar Energy,,California,Modesto
Smart Solar and Roofing,,California,San Diego
Homegrown Energy Solutions,,California,San Diego
Gold Rush Energy Solutions,,California,El Dorado Hills
Modern Instinct Construction,,California,Winchester
UniverCity Solar,,California,San Bernardino
Forever Solar,,California,Orange
Altadena Energy and Solar,,California,Altadena
Illume Solar Energy,18-04-2024 01:10,California,Spring Valley
Eco Construction And Energy,,California,San Marcos
Carlsbad Solar,,California,Carlsbad
Beach Cities Solar Inc,,California,Los Angeles
MPE Solar Carports,,California,Temecula
Planet Oath Energy,,California,Turlock
Awesome Electrical Services,,California,San Jose
Mid Matthews Construction,,CA,Copperopolis
Sky Solar Pro,,California,Los Angeles
JUAPI Energy,,PR,San Juan
Ailey Solar Electric Inc,,Illinois,Chicago
GRC Energy Inc,,California,Pasadena
Spreck Energy,,,
Billenium LLC,,Puerto Rico,
Green Energy for All,,,
PowerHouse Solar Inc,,California,Redding
Integrated Home Energy,,Pennsylvania,West Chester
L4 Legacy Group,,,
B&H Specialty Construction Services LLC,,Florida,Sarasota
California Green Energy Construction,,CA,Grass Valley
Simply Solar,,California,Petaluma
American Array Solar,,California,Livermore
Sunvault,,California,Fremont
Emes Solar Inc,,NY,Lynbrook
Sunus Pro,,Texas,Fort Worth
W&W Roofing,,California,Sacramento
Atsports,,Georgia,Decatur
AES Solar,,Illinois,Carterville
Integrity Solar and Home Solutions,06-05-2024 14:22,New Jersey,Sewell
Evergreen Home Performance,18-04-2024 01:03,California,Sacramento
Helio Energy Solutions,,,
test,,,
Renewable Energy Design Group,,North Carolina,Franklinton
Solflo,,Florida,North Miami
POWERSUN,,Puerto Rico,Salinas
Pacific Coast Generation Inc,10-05-2024 01:33,Canyon Lake,California
test,,,
Southern Coker Power,,South Carolina,West Columbia
Titan Solar Power,,Arizona,Chandler
1 UP Solar,22-04-2024 23:55,California,San Diego
test,,,
Final Phase Energy,,California,Oceanside
180 Degrees Solar,,South Carolina,Charleston
Trapsun Solar LLC,,CA,Chula Vista
Solar Bear,,Florida,Clearwater
NJS Solar,01-05-2024 01:00,Texas,Spring
Sunup,,,
vimal testing,,California,San Francisco
Test Org,,,
Son Energy PR Inc,,,
Sailfish Solar,,Florida,Palm City
test testing,,California,San Francisco
NT Energy Inc,,California,Ventura
Spartan Solar,06-06-2024 16:48,Florida,Winter Park
testttt,,,
Payment Funding,05-07-2024 07:13,,
Brightstar Energy Solutions,,Florida,St. Petersburg
Solfinity Power,,Arizona,Phoenix
Current Energy LLC,,California,Van Nuys
Lehmann Electrical & Design,,,
Solar AI,,Arizona,Mesa
Green Start Electrify,,California,Ventura
Helio Solar,,Connecticut,Shelton
FB Integrated Solutions,,,
Solar Specialist Inc,07-11-2024 02:43,Florida,Riverview
Complete Solaria,,California,Fremont
Expert Solar FL,,Florida,Tampa
Owners Platform,,,
Velaz Solar,07-06-2024 20:31,NJ,Elizabeth
Apollo Energy,03-06-2024 15:47,New Jersey,Mount Laurel
BrodServ,,Utah,Lehi
Kronos,,,
Alpha Omni,,,
Grid Group,,,
SunBright,22-07-2024 15:57,FL,Orlando
Green Light Solar,,Texas,Houston
Voltaic,01-11-2024 18:57,California,Downey
ATX Solar,,,
Porticade-Action Solar,,,
NXT LVL Homes,,,
OHM Solar,06-06-2024 21:43,California,Chico
LA Solar Pros,30-05-2024 22:31,California,East Los Angeles
Solen Energy Construction,,,
Delta Construction and Design Inc,,,
Mega Solar LLC,,,
Devil Dog Energy,,,
Good Energy Co,,Texas,Plano
H&H Solar LLC,,,
Empower Solar Inc,,California,Clovis
PURESUN,,California,Fresno
23ecndj,,California,San Francisco
Sunergy Solar,,Florida,New Port Richey
Renu Energy Solutions,,North Carolina,Arden
Suacci Solar,,CA,Spring Valley
SOLAR TRADE CORP,,,
We Are Solar Power,,Florida,Orlando
UES Solar,,Florida,Gainesville
Harvest Solar Energy LLC,,Oklahoma,Tulsa
Home Nerds,05-06-2024 22:38,Florida,St. Petersburg
Big Wave Roofing & Solar,03-06-2024 17:53,New Jersey,Freehold
Solar Matched,13-08-2024 22:07,Arizona,Phoenix
test Sales org,,,
Tyler Petersen Demo,,,
Cota Electric Inc,,,
Ochinero Electric Inc,,California,Fresno
CalPro Solar,,California,Brentwood
Vantage Home Solar,,New Jersey,Tinton Falls
Energy Savings Group,,California,Bakersfield
Belmont Energy Inc,,California,Mission Viejo
The Collective,,California,Encinitas
ESD Solar,,Florida,Pinellas Park
THS Home Solar,,,
Wolf River Electric,,MN,Isanti
SRE Solar,,California,Vista
Grid NRG,,Utah,Pleasant Grove
Summit Energy Group,,Massachusetts,Mansfield
DP Dealer LLC AKA Authentic,,California,Monrovia
Freewire Technologies,,California,Newark
Big Dog Solar,,,
NT Energy Inc,,California,Ventura
Solar Zone LLC,,Texas,McKinney
Eco Energy Fusion,,California,Bakersfield
Unicity Solar Energy,,Florida,Tampa
Grand Solar Electric,,California,Fresno
Solar Doctors LLC,,CA,Diamond Springs
Arizona Solar Wave,,,
Goodleap TPO,,,
Neighborhood Solar,,California,Temecula
Baja electric contractor llc,,California,Bakersfield
Ion Solar Pros,,Connecticut,Middlebury
NSIS Solar,,Florida,Lauderhill
Rack Solar,,Florida,Boca Raton
BKJ Solar,,Missouri,Hazelwood
Sunshine Renewable Solutions,,Texas,Houston
referral test,,,
Vyomaa Energy,,North Carolina,Raleigh
Solar Home Oklahoma,,Oklahoma,Oklahoma City
Corvus Pro Solar,,Missouri,Springfield
First Choice Solar,21-06-2024 19:17,Florida,Tampa
Test,,,
Florida Solar Services,,Florida,St. Augustine
Znergy,,Florida,Orlando
Unique Solar,,CA,San Diego
Solar Tax Pros,,Florida,Wellington
Diamond Solar USA,,,
Sales Org,,,
EPC org,09-07-2024 12:57,,
Villara Home Services,,CA,McClellan
Green Integrations and Management INC,24-07-2024 05:35,California,Los Angeles
Next Door Solar,,California,Los Angeles
Install Sun,,Connecticut,Norwalk
A&J Solar Electric INC,,California,Clovis
Universal Electric PNW,,Washington,Port Orchard
GreenGrids Solar,,Illinois,Shorewood
KSG Solar Services,,California,Concord
The Energy Defenders,,New Jersey,Hammonton
Stanford Group,,Florida,St. Petersburg
Bright Planet Solar,,Massachusetts,Worcester
Efficient Home Services,23-08-2024 20:47,Florida,Clearwater
Mean Green Energy LLC,,North Carolina,New Bern
Revelation PWR,26-07-2024 03:14,Texas,Weatherford
Cascade Power,,California,Citrus Heights
Dadz Electrical Services,,Washington,Bellevue
Edison Solar,,Texas,Mesquite
Village Power Design,,California,Sebastopol
GR8 Energy,,California,Vista
America Solar,,California,Stockton
Lunar Solar Consulting,,Texas,Southlake
Pro Save Solar,,Texas,Rowlett
Greenrack Solar,,Pennsylvania,Pittsburgh
Budget Safe Solar,,New Jersey,Burlington Township
TJ Technology,,New Jersey,Burlington
Green Tech Construction,,,
Synergy Smart Homes LLC,,,
Hammer and Bell co,,Pennsylvania,Glenside
SolRx Energy Inc,,California,Fallbrook
Prestige Solar Services,,New Jersey,Jersey City
Bright Light Energy,,New York,Peekskill
SunnyMac Solar,,,
Poly Energy,,,
Quality Solar,,Illinois,Chicago
Lone Peak Energy,22-08-2024 23:25,California,San Jose
SunVena,23-09-2024 18:03,Florida,Sanford
Skywells Energy Solar Solutions,31-07-2024 18:41,Arizona,Phoenix
IPSUN Solar,,Virginia,Fairfax
Solar Professionals of Illinois,,Illinois,Richton Park
Sunforce Solar,,New Mexico,Las Cruces
Family Solar Company,,Texas,Weatherford
AJA Energies,,Illinois,Burr Ridge
Universal Electric PNW,,Washington,Port Orchard
Home Networks Electric & Solar,,California,San Jose
The Solar Company,19-08-2024 21:30,Texas,Plano
EG Solar,,Texas,Dallas
ElectriCare,,,
Solar Bros Electric LLC,,Texas,Dallas
Construct Sun,,Nevada,Reno
AM Sun Solar & Roofing,,,
Sky Solar Solutons LLC,,Pennsylvania,Collegeville
Zenergy Solar,08-08-2024 04:41,Delaware,Wilmington
Lelantos Energy,,Arizona,Arizona City
Revolution Energy,,Michigan,St Clair Shores
Vesta Energy,,Michigan,Lansing
Arbor Solar LLC,,Michigan,Northville
CKR Solar,,Florida,Land O' Lakes
Swift Solar,,Wyoming,SHERIDAN
RGNR8 Solar,,Utah,North Salt Lake
Solcium Solar,23-07-2024 19:24,Florida,Sanford
Brightstar Marketing,21-07-2024 19:22,NV,Reno
Ethos Residential Services,,Florida,Sunny Isles Beach
Ethos Residential Services,,Florida,Sunny Isles Beach
Hightower Industries LLC,,Florida,Pensacola
JHP Electric Inc,,CA,Elk Grove
Sol Source LLC,,CA,Upland
Ochinero Electric Inc,,CA,Fresno
Wellspring Solar,,Illinois,Arthur
Solar Closing Systems,08-08-2024 05:06,Utah,Layton
Solar Flare INC,,,
Solarships USA,,Arizona,Tempe
Murrieta Solar Power,,California,Murrieta
Premier Improvements Solar,,,
Solar Global,29-07-2024 15:41,Virginia,Fairfax
RGNR8,,California,Acampo
Switch Energy,,California,Irvine
Pure Energy Inc,,,
Evolution Solar Solutions,,Texas,Murphy
On Call Electric,,Massachusetts,Marlborough
Green House Solar,,New Jersey,Madison
Incite,,,
Gensun Roofing and Solar,,New Jersey,Pennsauken Township
Electric City Solar Comapny,,,
7 Renewable Concepts,,North Carolina,High Point
Lightyear,,California,Hemet
ETW Energy,,Texas,Austin
Sun Solar Energy,,California,Placentia
Sun Solar Life,,Nevada,Las Vegas
Got Watts,,California,Concord
Pro Elite Exteriors,,Pennsylvania,East Norriton
Sun Life Solar,,Ohio,Wooster
Solar America,,Louisiana,Baton Rouge
Solar Sesame,13-08-2024 19:34,CA,San Mateo
Different Energies,,New Jersey,Holmdel
Different Energies,,New Jersey,Holmdel
Civic renewables,,Virginia,Fairfax
Ace Electric,,Michigan,Lansing
US Solar,23-08-2024 17:47,Florida,Brandon
ELAV8 Solar,08-08-2024 05:02,South Carolina,Greenville
Zion Electric & Solar LLC,,,
Parco Solar,,,
Endliss Power,,California,Hayward
Brightside Energy,,Louisiana,Baton Rouge
subcontractorHub,,,
Glyde Solar LLC,,,
Test Storz,,,
PlugPV LLC,,New York,Troy
Electric city solar co,,,
Mirasol Solar Inc,,,
Sparx Solar,,Illinois,Mokena
Test Renee 2,,,
Electric Power Services Inc,30-08-2024 21:25,California,Santa Ana
CT Solar Solutions,,Connecticut,East Lyme
Test Renee 3,,,
Just Clean Energy,,California,Spring Valley
Great Plains Renewables,,Nebraska,Gretna
National Solar Energy Corp,07-10-2024 16:55,Maryland,Laurel
Unity Solar Group,,Illinois,Oak Brook
vimal test,,,
Elbac Solar,,California,Riverside
The Alectriq Company,,California,Los Angeles
The Alectriq Company,,California,Marina Del Rey
Ahmad Test Org,,Hawaii,Hilo
Yes Solar Solutions,,North Carolina,Cary
REACH Solar,,California,Hemet
On point solar,,Arizona,Phoenix
Solis Energy,,California,Madera
Divine Power USA,,,
Green Empire Builder,,California,Los Angeles
JJ Energy Inc,,,
Sky Solar Pro,,,
Sky Solar Pro,,,
Sky Solar Pro,,,
Prime SLR,,Texas,Richardson
Greiner Heating Air and Electric,30-09-2024 15:00,California,Dixon
Solar 365 dba Good Neighbor Energy,,,
ambassdor,,,
Test Append,,,
All America Construction Services,,,
Solar States,,,
Vantage Point Solar,,Texas,Dallas
Nova Terra Energy,,Michigan,Lansing
RFworx,,Maryland,Towson
Velasco Electric,22-08-2024 20:31,California,Modesto
Independent Solar,22-08-2024 19:13,Arizona,Lake Havasu
Blue Sky Electric Inc,,,
Brightstar Lease,,,
Susten Energy,,Maryland,Rockville
Eclipse Energy & Construction,,,
SubcontractorHub Demo,,,
Incentive Electric,,California,San Diego
Lytegen,29-08-2024 22:54,California,Yuba City
Minski,,Texas,El Paso
Rooftop Power,,Rhode Island,Warwick
Pro Bid Energy,,,
Synergy Electrical Contracting,,,
Green House Solar & Air,26-08-2024 21:13,Florida,Clearwater
Roofio Solar,,Texas,San Antonio
sunnova test,,,
The Green Plug,,,
Treepublic Solar,,,
Pro Bid Energy,,,
test broghtstar,,,
CPUC Test,,,
Solar Negotiators,,California,Fresno
Valoa Solar,,Missouri,Liberty
California Renewable Energy,,CA,Roseville
Worcester County Electrical,,Massachusetts,Charlton
Elav8 Consulting,,South Carolina,Greenville
Volt Home Pros,,Illinois,Frankfort
Worcester County Electrical,,Massachusetts,Charlton
Earthbound Solar LLC,,California,Fontana
Revel Home Service,,Florida,Orlando
Testscn,,,
testnull,,,
testref,,,
Testtest,,,
Goodleap,,,
Solar Construction LLC,,Florida,Miami
TD Solar Direct,,Florida,Champions Gate
IE construction,,California,Adin
Harvest Solar Inc,,,
Storz,,,
onboard five,,,
test br,,,
Source Solar LLC,,Iowa,Iowa City
Test Append,,,
Valley Energy Solutions Inc,,California,San Marcos
Parker and Sons,,Arizona,Phoenix
vimal,,,
vimal,,,
AZ Roof Masters,,Arizona,Tucson
Smart Home,,Florida,Orlando
Solar Holler,,West Virginia,Huntington
Solar4America Technology,,California,McClellan Park
Solar Source,,,
ProSolar Systems,,Florida,Orlando
Mamba Power,,Utah,Provo
Jamar Power Systems,,,
Isun Solar,,Massachusetts,Chelmsford
Solar Mite Solutions,,New Jersey,Neptune City
NSIS,,Florida,Lauderhill
Scanifly Demo,,,
M&S GREEN POWER ENERGY INC,,Florida,Hollywood
Ursus Solaris,,California,Victorville
Original Energy Co,,California,Arroyo Grande
Solar Topps LLC,,,
Mayer Solar,,Texas,Richardson
IntegrateSun,,Texas,Houston
test,,,
vimal testing org,,,
vimal org 2,,,
vimal org stroz,,,
vimal org,,,
vimal 04 stroz,,,
vimal stroz,,,
vimal,,,
Ecogen Services,,Massachusetts,Northbridge
Energy Savings Pros,,California,Loomis
R&D Roofing,,Tennessee,Manchester
Gleam Solar,,Texas,Dallas
Clean Energy Solutions,,California,San Dimas
swt energy,,,
The Very Good Solar Company,,Utah,West Jordan
The Very Good Solar Company,,Utah,West Jordan
Solar Dynamics Inc,,Florida,Doral
Testorg,,,
Bullet Solar Solutions,,Texas,Austin
Lone Star Solar Services LLC,,TX,Houston
Cannon Solar,,Georgia,Atlanta
Arc Energy Solutions,,CA,2738 Mosasco
Storm Pro Energy,,Arizona,Tempe
Solar G,,California,Glendale
National Energy Installers LLC,,,
Jaaz Solar Inc,,Massachusetts,Leicester
Intelligent Solar Services,,Massachusetts,Lunenburg
Transform Solar,,,
1 Click Solar,,CA,Hermosa Beach
Immediate Solar LLC,15-11-2024 00:11,TX,
Pacific Sky Solar LLC,,California,Chatsworth
PowerOn Energy Inc,,,
NLITN,,CA,San Clemente
Pacific Allied Group,,,
Prosolar Group,,,
Nexis Solar,,Massachusetts,Woburn
Pats Electric and Solar LLC,,Texas,Quinlan
Pats Electric and Solar LLC,,Texas,Quinlan
Power Pro Solutions,,Texas,El Paso
GoodPWR,,Colorado,Arvada
Elbac Solar,,,
Skyline Smart Energy,,,
Soleil Enterprises,,California,Sacramento
SUNCOR SOLAR,,,
Florida Power Services,,FL,Tampa
Bluenergy LLC,19-11-2024 18:54,Florida,Jacksonville
Ease - Build Inc,,CA,Los Angeles
Local Solar,07-11-2024 18:06,New Jersey,Secaucus
PEP Solar,,Arizona,Phoenix
EnergyScape Renewables,,North Carolina,Denver
My Smart House LLC,,,
Florida Power Services Inc,,Florida,Tampa
Energy Solar Inc,,CA,Glendale
Next Door Home Construction,,California,Los Angeles
Cyberdyne Construction LLC,,CA,Poway
Solar Max Inc,,Florida,Largo
Green Home Systems,,California,Los Angeles
BLC Builder Construction Inc DBA SunGrid Solar,,California,Fountain Valley
Solar Edge Pros LLC,,Texas,San Antonio
WattSun Solar,,Florida,Apopka
Plug it In Solar,,California,Los Angeles
Testscni,,,
Ease Build,,California,Los Angeles
Volt Home Pros,,IL,Frankfort
Planet Oath Energy Inc,,,
Soumya Live Testing,,Street,Main
Vector Energy LLC DBA Fusion Power,,,
Just-In Case Electric,,Texas,Quinlan
Climate and Energy Solutions,,,
Solar Data Pros,,California,North Fork
Sunsent Solar,,Missouri,Saint Charles
Spartan X,,,
A1 Solar,,California,Los Angeles
Tropical Solar LLC,,,
Solar Artisans,,Georgia,Atlanta
4Tress Construction LLC dba Wasp US,,,
Advanced Conservation Systems Inc,,California,Lancaster
Volt Home,,,
Cervus Solar & Construction - SFC,,California,Santa Clarita
Just In Case Electric LLC,,Texas,Quinlan
RAKKAR DEVELOPMENT & CONSTRUCTION,,,
Southern Energy Distributors,05-11-2024 18:31,Texas,San Antonio
Rakkar Development & Construction,,,
Ambia Solar,,Utah,Provo
Luminate Energy,,Texas,Houston
Fulfill Power,,California,Los Angeles
Opal Energy Group,,New Jersey,Green Brook Township
Sunrize Solar,13-11-2024 21:54,Maryland,Oxon Hill
Energy Specialties Group,,Michigan,Lansing
Okta,,Florida,West Palm Beach
Bright Home Energy,,Arizona,Phoenix
Bright Home Solar DBA Florida Power Management,,,
Clay Solar Installation Partners,,Florida,Middleburg
Sige Solar,,,
NewCo Energy LLC,,,
Dynasty Electric,,California,Los Angeles
Direct Energy of Florida,,Florida,Longwood
Velascos Electric,,California,Modesto
Off Grid Energy Solutions LLC dba Aveyo,,,
M&H Home Solutions,,FL,Miami
Current Home,,California,Hemet
Gott Energy,,British Columbia,Prince George
Empire Home Pros,,Florida,Oakland Park
Health Quality Systems,,,
Groundup Solar & Electrical LLC,,Louisiana,Covington
Apex Solar Solutions,,Colorado,Denver
Momentum Solar,,California,Sacramento
Empwr Solar,,,
Sunlight Solar Inc,,CA,El Cajon
Elione Energy Inc,,California,Buena Park
Solar Installers of Florida,,Florida,Kissimmee
Sunlight Solar,,Florida,Orlando
Hub City Solar,,Texas,Lubbock
NYSSF,,New York,Modena
1earthsolar,,Illinois,West Peoria
PSG energy,,Indiana,Indianapolis
Sugar Hollow Solar,,North Carolina,Asheville
Atlasta Solar,,Colorado,Grand Junction
Enterprise Solar,,California,Hemet
Enterprise Solar,,California,Hemet
My Clean Solar Energy,,Texas,Austin
Zolarzo,,Texas,Houston
Solarinbound,,North Carolina,Durham
XAAG Solutions,,Florida,Orlando
Gigawatt Operations DBA Sol Up,,,
HYBRID ENERGY LLC,,,
Solar Home 360,,,
Anova Home,,Oklahoma,Oklahoma City
OneGrid,,Massachusetts,Boston
DKD Energy,,Texas,Austin
GT Power Construction,,California,Concord
NRGE Pros,,Texas,Houston
All On Electric,,,
Viva Energy,,,
Smart Energy Solution,,Texas,Eagle Pass
Tier 1 Solar,,Texas,Corpus Christi
Climate and Energy Solutions or Feather River Aire,,California,Chico
Infinity solar usa,,,
Havasu Solar,,Arizona,Lake Havasu City
Offset Solar,,Texas,Dallas
Limitless Solar LLC,,,
Cubix Power,,Utah,West Jordan
